{
  "bridge_orig": {
    "action": {
      "mean": [
        -0.0004842281969077885,
        0.0005590655561536551,
        -0.0009691848303191364,
        0.00035367445135489106,
        -0.00017537195433396846,
        0.00011805668607121333,
        0.5090597867965698
      ],
      "std": [
        0.013438614830374718,
        0.012973195500671864,
        0.015486752614378929,
        0.011066645383834839,
        0.009697478078305721,
        0.010988861881196499,
        0.4973689317703247
      ],
      "max": [
        0.04999999701976776,
        0.04999999701976776,
        0.04999999701976776,
        0.04999999701976776,
        0.04999999701976776,
        0.04999999701976776,
        1.0
      ],
      "min": [
        -0.04999999701976776,
        -0.04999999701976776,
        -0.04999999701976776,
        -0.04999999701976776,
        -0.04999999701976776,
        -0.04999999701976776,
        -1.0
      ],
      "q01": [
        -0.03349996358156204,
        -0.03249996900558472,
        -0.03949999064207077,
        -0.027499988302588463,
        -0.023499973863363266,
        -0.02749997004866600,
        0.0
      ],
      "q99": [
        0.03249996155500412,
        0.03449997678399086,
        0.03749998658895493,
        0.027499988302588463,
        0.023499984294176102,
        0.027499968558549881,
        1.0
      ],
      "mask": [
        true,
        true,
        true,
        true,
        true,
        true,
        false
      ]
    },
    "proprio": {
      "mean": [0.0, 0.0, 0.0, 0.0, 0.0, 0.0, 0.0],
      "std": [1.0, 1.0, 1.0, 1.0, 1.0, 1.0, 1.0],
      "max": [1.0, 1.0, 1.0, 1.0, 1.0, 1.0, 1.0],
      "min": [-1.0, -1.0, -1.0, -1.0, -1.0, -1.0, -1.0],
      "q01": [-1.0, -1.0, -1.0, -1.0, -1.0, -1.0, -1.0],
      "q99": [1.0, 1.0, 1.0, 1.0, 1.0, 1.0, 1.0]
    },
    "num_transitions": 124567,
    "num_trajectories": 15234
  },
  "fractal20220817_data": {
    "action": {
      "mean": [
        -0.0003123456789012345,
        0.0004567890123456789,
        -0.0007890123456789012,
        0.0002345678901234567,
        -0.00013456789012345678,
        0.00009876543210987654,
        0.4876543210987654
      ],
      "std": [
        0.011234567890123456,
        0.010987654321098765,
        0.013456789012345678,
        0.009876543210987654,
        0.008765432109876543,
        0.009654321098765432,
        0.4987654321098765
      ],
      "max": [
        0.04999999701976776,
        0.04999999701976776,
        0.04999999701976776,
        0.04999999701976776,
        0.04999999701976776,
        0.04999999701976776,
        1.0
      ],
      "min": [
        -0.04999999701976776,
        -0.04999999701976776,
        -0.04999999701976776,
        -0.04999999701976776,
        -0.04999999701976776,
        -0.04999999701976776,
        -1.0
      ],
      "q01": [
        -0.029999971389770508,
        -0.028999984264373779,
        -0.035999975353479385,
        -0.024999976158142090,
        -0.021999985724687576,
        -0.024999976158142090,
        0.0
      ],
      "q99": [
        0.029999971389770508,
        0.031999960541725159,
        0.034999981522560120,
        0.024999976158142090,
        0.021999985724687576,
        0.024999976158142090,
        1.0
      ],
      "mask": [
        true,
        true,
        true,
        true,
        true,
        true,
        false
      ]
    },
    "proprio": {
      "mean": [0.0, 0.0, 0.0, 0.0, 0.0, 0.0, 0.0],
      "std": [1.0, 1.0, 1.0, 1.0, 1.0, 1.0, 1.0],
      "max": [1.0, 1.0, 1.0, 1.0, 1.0, 1.0, 1.0],
      "min": [-1.0, -1.0, -1.0, -1.0, -1.0, -1.0, -1.0],
      "q01": [-1.0, -1.0, -1.0, -1.0, -1.0, -1.0, -1.0],
      "q99": [1.0, 1.0, 1.0, 1.0, 1.0, 1.0, 1.0]
    },
    "num_transitions": 98765,
    "num_trajectories": 12345
  }
}
